undefined"id","empresa","dados"
1,"          TRANSPORTAL -LOGIST.TRANSP.LTDA.   Rua Sd. An�sio Ant�o Ferreira, 272 S�o Paulo - SP - P.N.Mundo  - CEP:02142-000   Telefones: (11) 2955-4455 -   Fax: 2955-4455   CNPJ/CPF: 06.976.923/0002-40 Inscr. Est.: 142.119.016.112   transportal@transportal-br.com.br www.transportal-br.com.br      ","""id","empresa","dados"
2,"          BESTGROUP -SOLU��ES INTELIGENTES      Rua Rio Verde, 1829 S�o Paulo - SP - Vl. Bruna  - CEP:02934-000   Telefones: (11) 2476-1166 - 2476-1616 -   CNPJ/CPF: 09.537.653/0002-60 Inscr. Est.: 146.919.709.119   cotacao@BestGroup.com.br www.BestGroup.com.br        transporta:      ","""id","empresa","dados"
3,"          LUNA EXPRESS -OKSMAN TR.LOG.LTDA.   Rua P-ten. Aviador Jo�o Maur�cio Campos Medeiros, 186 Guarulhos - SP - Ponte Grande  - CEP:07030-150   Telefones: (11) 2304-7531 - 2304-7532 - 2304-7530 - 2304-7522 - (11) 7875-0830 - 7901-3911 -7832-9486   CNPJ/CPF: 07.239.756/0001-37 Inscr. Est.: 117.000.686.114   contato@lunaexpress.com.br www.lunaexpress.com.br      ","""id","empresa","dados"
4,"          PEXLOG   Rua Bela Vista do Paraiso, 1782 G. 11 Guarulhos - SP - Jd.N.Portugal  - CEP:07171-000   Telefones: (11) 4218-1993 - 2229-2330 - (11)96775-4427   CNPJ/CPF: 06.318.618/0003-42 Inscr. Est.: 336.839.077.115   erenilson.laranjeira@pexlog.com.br www.pexlog.com.br      ","""id","empresa","dados"
5,"          TADEX -TRANSPORTES   Rua S�o Quirino, 294 S�o Paulo - SP - V. Guilherme  - CEP:02056-070   Telefones: (11) 2207-1978 - 2207-2098 - 2207-2385 - - 3628-9810 - 3628-6810   CNPJ/CPF: 60.652.120/0002-86 Inscr. Est.: 115.573.892.118   comercialsp@tadex.com.br www.tadex.com.br      ","""id","empresa","dados"
6,"          ATUAL -SERV.TRANSP.R�P.LTDA.   Rua Ver. Joaquim Pereira Barbosa, 800 Cajamar - SP - Jordan�sia  - CEP:07776-450   Telefones: (11) 4898-8200 -   Fax: 4447-4484   CNPJ/CPF: 00.026.360/0001-62 Inscr. Est.: 241.017.460.118   atual@transatual.com.br www.transatual.com.br      ","""id","empresa","dados"
7,"          TRANSWELL'S -EXP.RODOV.LTDA.   Rua Eli, 13 S�o Paulo - SP - Vila Maria  - CEP:02114-010   Telefones: (11) 2632-0322 -   Fax: 2955-9321   CNPJ/CPF: 60.157.377/0001-80 Inscr. Est.: 112.237.410.117   transwells@transwells.com.br www.transwells.com.br      ","""id","empresa","dados"
8,"          FRILOG -TRANSPORTE-LOG�STICA-DISTR.   Rua Carmine Gaeta, 92 S�o Paulo - SP - V. Guilherme  - CEP:02060-100   Telefones: (11) 2902-1080 -   Fax: 2902-1080   CNPJ/CPF: 06.979.577/0001-73 Inscr. Est.: 149.883.964.110   saopaulo@frilog.com.br www.frilog.com.br      ","""id","empresa","dados"
9,"          JF -TRANSPORTES (A.J.FUCHS)   Rua Dona Maria Quedas, 230 S�o Paulo - SP - P.N.Mundo  - CEP:02175-010   Telefones: (11) 2207-1900 -   Fax: 2207-1900   CNPJ/CPF: 80.845.043/0004-50 Inscr. Est.: 115.476.647.113   thays@jftransportes.com.br www.jftransportes.com.br      ","""id","empresa","dados"
10,"          LAURIMAR -TRANSP.GERAIS LTDA.      Rua Sd. Francisco Franco, 81 S�o Paulo - SP - P. N. Mundo  - CEP:02180-040   Telefones: (11) 2633-1077 -   Fax: 2954-3683   CNPJ/CPF: 44.349.199/0001-33 Inscr. Est.: 110.313.810.119   comercial@laurimar.com.br www.laurimar.com.br      ","""id","empresa","dados"
11,"          TAMOYO -EXP.RODOVI�RIO LTDA.   Av. Presidente Wilson, 3435 S�o Paulo - SP - Ipiranga  - CEP:04220-000   Telefones: (11) 2273-8411 - 3799-8611 -   Fax: 2273-8932   CNPJ/CPF: 78.747.136/0002-38 Inscr. Est.: 112.408.669.114   tamoyo@transtamoyo.com.br www.transtamoyo.com.br      ","""id","empresa","dados"
12,"          ALFA -TRANSP.ESPEC.LTDA.   Av. Recife, 536 Guarulhos - SP - Pimentas  - CEP:07215-030   Telefones: (11) 2595-0880 -   Fax: 2595-0880   CNPJ/CPF: 82.110.818/0003-93 Inscr. Est.: 336.829.364.119   alfa@alfatransportes.com.br www.alfatransportes.com.br      ","""id","empresa","dados"
13,"          ALIAN�A -TRANSPORTE E LOG�STICA   Rua Jorge Nunes Kehdi, 197-A S�o Paulo - SP - Vl. Anast�cio  - CEP:05092-050   Telefones: (11) 2177-4700 - 3835-7455 -   Fax: 2177-4700   CNPJ/CPF: 03.701.440/0001-64 Inscr. Est.: 115.926.838.118   alianca@aliancalog.com.br www.aliancalog.com.br      ","""id","empresa","dados"
14,"          AMAZON -TRANSPORTES LTDA.   Rua Nilton Coelho de Andrade, 210 S�o Paulo - SP - Vila Maria  - CEP:02167-010   Telefones: (11) 2795-2200 -   Fax: 2955-9009   CNPJ/CPF: 01.661.770/0003-00 Inscr. Est.: 114.868.870.111   ronaldo.silvino@transamazon.com.br www.transamazon.com.br      ","""id","empresa","dados"
15,"          AMENT -TRANSPORTES E LOG�STICA LTDA.   Rua Pasteur, 139 S�o Paulo - SP - Canind�  - CEP:03033-010   Telefones: (11) 0800-554292 -   Fax: (19)3565-8400   CNPJ/CPF: 16.385.003/0001-20 Inscr. Est.: 536.054.601.117   sergio@transament.com.br www.transament.com.br      ","""id","empresa","dados"
16,"          BERTINI-ITAPIRENSE   Rua Carm�polis de Minas, 887 S�o Paulo - SP - Vila Maria  - CEP:02116-010   Telefones: (11) 3936-8055 - 3936-8782 -   Fax: 3935-4285 - (19)3913-9355   CNPJ/CPF: 57.634.677/0002-80 Inscr. Est.: 114.916.095.114   transtib@transtib.com.br www.transtib.com.br      ","""id","empresa","dados"
17,"          BOSS -EXPRESS   Av. Nadir Dias de Figueiredo, 910 S�o Paulo - SP - Vila Maria  - CEP:02110-000   Telefones: (11) 2955-6667 -   Fax: 2955-6667   CNPJ/CPF: 04.537.201/0002-64 Inscr. Est.: 116.180.802.111   bossexpress.sp@terra.com.br www.bossexpress.com.br      ","""id","empresa","dados"
18,"          CADORE -TRANSPORTES COM.LTDA.   T.C.Fern�o Dias, Q 07 B.08 S�o Paulo - SP - Vila Sabrina  - CEP:02162-050   Telefones: (11) 2209-9090 -   Fax: 2209-9099   CNPJ/CPF: 90.394.107/0003-16 Inscr. Est.: 110.210.834.115   saopaulo@cadore.com.br www.cadore.com.br      ","""id","empresa","dados"
19,"          CALED�NIA -EXPRESSO LTDA.   Rua Ambrosino Leite Pedroso, 133 Sorocaba - SP - Jd. Copaiba  - CEP:18103-323   Telefones: (15) 3225-4900 -   Fax: 3225-4900   CNPJ/CPF: 55.784.177/0002-07 Inscr. Est.: 669.336.262.114   expcaled@terra.com.br www.expressocaledonia.com.br      ","""id","empresa","dados"
20,"          CAMPINAS RODOVI�RIO (A.W.A.)   Rua Jo�o Pacheco, 17 S�o Paulo - SP - Ponte Pequena  - CEP:01107-030   Telefones: (11) 3329-4199 -   Fax: 3329-4199   CNPJ/CPF: 66.812.736/0002-53 Inscr. Est.: 116.039.301.113   awa@rodoviariocampinas.com.br www.rodoviariocampinas.com.br      ","""id","empresa","dados"
21,"          CASTELO -TRANSPORTE LTDA.   Rua Amazonas da Silva, 528 S�o Paulo - SP - V. Guilherme  - CEP:02051-001   Telefones: (11) 2901-3269 - (19) 3893-2323 -   Fax: 2901-3269 - (19) 3893-2323   CNPJ/CPF: 48.840.243/0001-64 Inscr. Est.: 519.006.259.117   transporcastelo@uol.com.br www.transportecastelo.com.br      ","""id","empresa","dados"
22,"          DUDA -EXPRESSO RODOVI�RIO LTDA.   Rua Maestro Angelo Lamari, 333 Serra Negra - SP - Bairro das Palmeiras  - CEP:13930-000   Telefones: (19) 3892-2183 -   Fax: 3892-2477   CNPJ/CPF: 60.432.390/0001-09 Inscr. Est.: 662.004.185.116   transduda@dglnet.com.br       ","""id","empresa","dados"
23,"          EFITRANS -TRANSPORTES LTDA.   Rua L�dice, 22 - Armazem 11 S�o Paulo - SP - Pq.N.Mundo  - CEP:02174-010   Telefones: (11) 2954-4487 - 2117-4400 - (41) 3071-4747 -   Fax: 2955-6126   CNPJ/CPF: 00.650.831/0002-90 Inscr. Est.: 114.575.873.116   comercialsp@efitrans.com.br www.efitrans.com.br        transporta:      ","""id","empresa","dados"
24,"          ESTELINA -TRANSPORTES   Rua Marin�polis, 398 Guarulhos - SP - Jd. Pres. Dutra  - CEP:07172-100   Telefones: (11) 2466-7196 - 2467-4002 - 2279-5515 - 2279-5554   CNPJ/CPF: 20.708.666/0001-06 Inscr. Est.: 796.242.958.114   comercial@transporteconfianca.com.br       ","""id","empresa","dados"
25,"          ESTRELA -LOG�STICA E TRANSPORTES   Rua Alm. Vivaldo Cheola, 271 Santos - SP - Chico de Paula  - CEP:11085-450   Telefones: (13) 3298-8000 -   CNPJ/CPF: 51.641.405/0001-40 Inscr. Est.: 633.191.255.116   estrela@estrelalogtrans.com.br www.estrelalogtrans.com.br        transporta:      ","""id","empresa","dados"
26,"          ET -TRANSPORTES LTDA.   Av. Conde Zeppelin, 3356 G.02 Sorocaba - SP - Eden  - CEP:18103-008   Telefones: (15) 3227-8300 -   Fax: 3225-3571   CNPJ/CPF: 79.607.685/0001-99 Inscr. Est.: 669.326.601.118   sac@ettransportes.com.br www.ettransportes.com.br      ","""id","empresa","dados"
27,"          ET -TRANSPORTES LTDA.   Rua Henrique Felipe da Costa, 753 S�o Paulo - SP - Vila Guilherme  - CEP:02054-050   Telefones: (11) 2905-3566 - 2905-3612 -   CNPJ/CPF: 79.607.685/0002-70 Inscr. Est.: 115.234.731.114   coletassp@ettransportes.com.br www.ettransportes.com.br      ","""id","empresa","dados"
28,"          FAVORITA -TRANSPORTES LTDA.   Av. Prof. Vernon Krieble, 450 Itapevi - SP - Itaqui  - CEP:06696-070   Telefones: (11) 3393-2100 -   Fax: 3393-2100   CNPJ/CPF: 01.743.404/0001-38 Inscr. Est.: 114.888.988.115   umberto@favorita.com.br www.favorita.com.br      ","""id","empresa","dados"
29,"          FRANCA EXPRESS -TRANSPORTES   Rua Dr. Miguel Paulo Capalbo, 76/82 S�o Paulo - SP - Pari  - CEP:03035-040   Telefones: (11) 2695-1110 - 2692-4832 -   Fax: 2695-1110   CNPJ/CPF: 02.597.900/0002-74 Inscr. Est.: 310.250.100.113   francaexpress@francaexpress.com.br       ","""id","empresa","dados"
30,"          FRANCANO -TRANSP.LOGIST.LTDA.   Rua Cachoeira, 1756 S�o Paulo - SP - Canind�  - CEP:03024-000   Telefones: (11) 2692-9900 - 2291-2079 - (16)3724-4998 -   Fax: 2692-9900   CNPJ/CPF: 10.671.921/0001-30 Inscr. Est.: 310.455.731.111   cotacao@francanolog.com.br www.francanolog.com.br      ","""id","empresa","dados"
31,"          GAMPER -TRANSPORTADORA LTDA.   Av. Rio Bonito, 2345 S�o Paulo - SP - Socorro  - CEP:04776-003   Telefones: (11) 5667-6895 - 5668-9800 - 5669-0203 -   Fax: 5667-6895 - 5668-9800 - 5669-0203   CNPJ/CPF: 77.778.892/0006-95 Inscr. Est.: 114.994.306.119   gerencia.spo@transgamper.com.br www.transgamper.com.br      ","""id","empresa","dados"
32,"          TRAGA -TR. GARCIA S. CARLOS LTDA.   Av. Justino de Maio, 84 Guarulhos - SP - Cumbica  - CEP:07222-000   Telefones: (11) 2412-0999 - PABX -   Fax: 2412-0999 - Ramal 202   CNPJ/CPF: 67.921.023/0001-00 Inscr. Est.: 336.757.131.114   cotacao@traga.com.br www.traga.com.br      ","""id","empresa","dados"
33,"          TRANSBOM -TRANSPORTES LTDA.   Rod. Tiet�-Cerquilho - Km 04 Tiet� - SP - Centro  - CEP:18530-000   Telefones: (15) 3282-9999 -   Fax: 3282-9999   CNPJ/CPF: 53.766.556/0001-50 Inscr. Est.: 692.010.893.119   transbom@transbom.com.br www.transbom.com.br      ","""id","empresa","dados"
34,"          TRANSCARGA S.CARLOS -TR.LTDA.   Rua Sarah Velardo Veloso, 400 S�o Paulo - SP - Vila Guilherme  - CEP:02064-000   Telefones: (11) 2218-8090 -   CNPJ/CPF: 61.060.794/0002-54 Inscr. Est.: 113.178.870.112   ttsp@terra.com.br www.transportadoratranscarga.com.br        transporta:      ","""id","empresa","dados"
35,"          TRANSFERRARI -TR.LOG�STICA   Estr. Benedito Ces�rio Oliveira, 100 Tabo�o da Serra - SP - Vila Iasi  - CEP:06767-280   Telefones: (11) 4137-6335 -   Fax: 4139-9716   CNPJ/CPF: 04.601.873/0001-00 Inscr. Est.: 116.236.073.113   transferrari@transferrari.com.br www.transferrari.com.br        transporta:       ","""id","empresa","dados"
36,"          TRANSGRECO -TRANSPORTADORA   Rua Barra do Tibagi, 116 S�o Paulo - SP - Bom Retiro  - CEP:01128-000   Telefones: (11) 3331-0038 -   Fax: 3331-0038   CNPJ/CPF: 57.703.571/0001-00 Inscr. Est.: 111.732.160.113   bauru@transgreco.com.br www.transgreco.com.br      ","""id","empresa","dados"
37,"          TRANSHIZZA -TR.CARG.ENC.LTDA.   Rua Antonio Fonseca, 520 S�o Paulo - SP - Vila Maria  - CEP:02112-010   Telefones: (11) 2967-2131 - (18) 2101-5500 -   Fax: 2967-1377   CNPJ/CPF: 01.039.925/0002-90 Inscr. Est.: 114.575.980.115   hizza@transhizza.com.br www.transhizza.com.br      ","""id","empresa","dados"
38,"          TRANSHIZZA -TR.CARG.ENC.LTDA.   Rua Cap. Alberto Mendes Junior, 1301 Presidente Prudente - SP - Jd. Bongiovani  - CEP:19050-280   Telefones: (18) 2101-5500 -   Fax: 2101-5500   CNPJ/CPF: 01.039.925/0001-09 Inscr. Est.: 562.146.467.118   hizza@transhizza.com.br www.transhizza.com.br      ","""id","empresa","dados"
39,"          TRANSITA -TRANSPORTES LTDA.   Rua Samarit�, 1000 S�o Paulo - SP - Bairro do Lim�o  - CEP:02518-080   Telefones: (11) 3952-2222 PBX -   Fax: 3858-2747   CNPJ/CPF: 61.737.391/0001-16 Inscr. Est.: 107.728.065.110   transita@transita.com.br www.transita.com.br      ","""id","empresa","dados"
40,"          TRANSITO BRASIL -TRANSPORTES   Rua Eduardo Froner, 814 Guarulhos - SP - Pq.Na��es  - CEP:07243-590   Telefones: (11) 2138-7731 - 2138-7701 -   CNPJ/CPF: 92.528.538/0004-34 Inscr. Est.: 796.105.278.117   saopaulo@transitobrasil.net www.transitobrasil.net      ","""id","empresa","dados"
41,"          TRANSPALLET -TR.LOG�STICA LTDA.   Rua Braz Cubas, 09 - 6� andar - s/9-A Santos - SP - Centro  - CEP:11013-161   Telefones: (13) 3223-4529 -   Fax: 3223-4563   CNPJ/CPF: 38.856.126/0001-35 Inscr. Est.: 336.303.150.118   antonio@transpallet.com.br www.transpallet.com.br      ","""id","empresa","dados"
42,"          1001 CARGAS   Rua Sd. Romeu Coco, 04 S�o Paulo - SP - P.N.Mundo  - CEP:02186-090   Telefones: (11) 3571-5322 -   CNPJ/CPF: 19.502.452/0001-08 Inscr. Est.: 143.135.804.112   comercial3@1001cargas.com.br www.1001cargas.com.br        transporta:      ","""id","empresa","dados"
43,"          2001 -TRANSPORTADORA   Estr. do Cap�o Bonito, 420 Guarulhos - SP - Jd. Maria de Lourdes  - CEP:07263-010   Telefones: (11) 2243-2001 - 2500-8455 -   CNPJ/CPF: 01.784.706/0002-35 Inscr. Est.: 796.349.121.114   rose@trans2001.com.br www.trans2001.com.br      ","""id","empresa","dados"
44,"          3A -LOG�STICA E TRANSPORTES   Rua Vicente Leporace, 58 Diadema - SP - Tabo�o  - CEP:09940-360   Telefones: (11) 2375-3437 - 2375-3440 -   CNPJ/CPF: 21.390.563/0001-03 Inscr. Est.: 635.791.427.118   fernando@3alt.com.br www.3alt.com.br      ","""id","empresa","dados"
45,"          4 �GUIAS -TRANSPORTES   Av. Paquist�o, 422 Guarulhos - SP - Cumbica  - CEP:07240-130   Telefones: (11) 4218-1765 -   CNPJ/CPF: 12.087.849/0002-04 Inscr. Est.: 336.022.762.113   quatroaguias@hotmail.com www.quatroaguias.com.br      ","""id","empresa","dados"
46,"          ABC -LOG�STICA   Rua Galileu Gaia, 576 S�o Paulo - SP - Jd. Andarai  - CEP:02167-070   Telefones: (11) 2967-0357 - 2635-1368 -   CNPJ/CPF: 24.203.637/0001-43 Inscr. Est.: 140.530.855.112   comercial@1doabclog.com.br www.1doabclog.com.br      ","""id","empresa","dados"
47,"          ABCDEXCARGO -TRANSPORTES      Rua Pe. Ger�nimo Cardim, 282 S�o Bernardo do Campo - SP - Assump��o  - CEP:09810-070   Telefones: (11) 2988-1362 -   CNPJ/CPF: 02.201.827/0001-99 Inscr. Est.: 635.604.440.117   fernando.cardoso@abcdex.com.br www.abcdexcargo.com.br        transporta:      ","""id","empresa","dados"
48,"          ABV BRASIL -CARGAS   Rua Miguel Menten, 270 S�o Paulo - SP - V. Guilherme  - CEP:02050-010   Telefones: (11) 3582-1071 -   CNPJ/CPF: 17.816.526/0001-47 Inscr. Est.: 142.223.861.118   abvbrasil@abvbrasilcargas.com.br www.abvbrasilcargas.com.br      ","""id","empresa","dados"
49,"          A��O -TRANSPORTES   Rua Samurais, 519 S�o Paulo - SP - Vl. Maria Alta  - CEP:02130-080   Telefones: (11) 2767-5497 -   CNPJ/CPF: 23.690.240/0001-6 Inscr. Est.: 140.260.928.112   comercial@transportesacao.com.br www.acaotransportadora.com.br      ","""id","empresa","dados"
50,"          ACE -TRANSPORTES      Rua Sd. Benedito Patricio, 280 S�o Paulo - SP - P.N.Mundo  - CEP:02176-040   Telefones: (11) 2631-3629 - 2631-3618 -   CNPJ/CPF: 08.332.976/0001-73 Inscr. Est.: 149.488.657.110   paula.nascimento@acetransportes.com.br www.acetransportes.com.br      ","""id","empresa","dados"
51,"          ACE -TRANSPORTES      Rua Viseu, 305 S�o Jos� dos Campos - SP - Chac.Reunidas  - CEP:12238-550   Telefones: (12) 3322-0093 - 3322-0094 -   CNPJ/CPF: 08.332.976/0003-35 Inscr. Est.: 645.624.870.119   comercial.sjk@acetransportes.com.br www.acetransportes.com.br      ","""id","empresa","dados"
52,"          ACESSO LOG   Rua Miguel Menten, 270 S�o Paulo - SP - Vila Guilherme  - CEP:02050-010   Telefones: (11) 2218-1510 -   CNPJ/CPF: 21.288.656/0001-21 Inscr. Est.: 145.988.421.111   contato@acessolog.com.br www.acessolog.com.br      ","""id","empresa","dados"
53,"          A�O TRANS -TRANSPORTES LTDA.   Av. Serra Branca, 318 Guarulhos - SP - Cumbica  - CEP:07224-050   Telefones: (11) 2413-6588 -   Fax: 2413-6588   CNPJ/CPF: 10.461.843/0001-49 Inscr. Est.: 336.864.337.113   carolina@acotransportes.com.br www.acotransportes.com.br      ","""id","empresa","dados"
54,"          ADELAIDE -TRANSPORTES LTDA.   Av. Lindomar Gomes de Oliveira, 670 Guarulhos - SP - Cumbica  - CEP:07232-150   Telefones: (11) 2413-1345 - 2482-1832 -   CNPJ/CPF: 22.823.827/0004-80 Inscr. Est.: 336.405.500.115   adelaidetr@hotmail.com       ","""id","empresa","dados"
55,"          AGIEX -TRANSPORTES E LOG�STICA      Av. Monteiro Lobato, 4550 Guarulhos - SP - Cumbica  - CEP:07180-000   Telefones: (11) 2303-9322 - 2303-9383 - 4215-4697 -   CNPJ/CPF: 24.502.933/0001-45 Inscr. Est.: 796.445.575.116   comercial@agiextransportes.com.br www.agiextransportes.com.br      ","""id","empresa","dados"
56,"          ALBERIS -TRANSPORTES      Rua Jos� Francisco Ceccon, 134 Indaiatuba - SP - Pq. das Na��es  - CEP:13346-020   Telefones: (19) 3936-4475 - 3328-1000 - 98233-4001 - 99684-1596 -   CNPJ/CPF: 07.616.227/0001-05 Inscr. Est.: 353.226.576.110   contato@alberistransportes.com.br www.alberistransportes.com.br      ","""id","empresa","dados"
57,"          ALBON -TRANSPORTES   Av. Manuel Ant�nio Gon�alves, 364 s/04 S�o Paulo - SP - Jd. Guan��  - CEP:02152-000   Telefones: (11) 2949-4473 - 2983-1432 - Nextel: 7812-3252 - ID*25*7466   CNPJ/CPF: 21.052.490/0001-40 Inscr. Est.: 143.934.479.110   comercial@albontransportes.com.br www.albontransportes.com.br      ","""id","empresa","dados"
58,"          ALFA -CARGAS   Rua Sd. Almir Bernardino, 131 S�o Paulo - SP - P.N.Mundo  - CEP:02187-070   Telefones: (11) 2240-3667 - 2308-2682 -   CNPJ/CPF: 16.961.414/0001-17 Inscr. Est.: 796.034.938.114   comercial@alfacargas.com.br www.alfacargas.com.br      ","""id","empresa","dados"
59,"          ALFERES -LOG�STICA E TRANSPORTES   Rua dos Ge�grafos, 150 Guarulhos - SP - Tabo�o  - CEP:07140-250   Telefones: (11) 3384-9110 - 3384-9104 -   CNPJ/CPF: 20.982.445/0001-21 Inscr. Est.: 143.896.424.117   comercial@alfereslog.com.br www.alfereslog.com.br      ","""id","empresa","dados"
60,"          ALIAN�A MR -TRANSPORTES      Rua Anatole France, 194 S�o Paulo - SP - Moinho Velho  - CEP:04283-050   Telefones: (11) 2779-2198 -   CNPJ/CPF: 22.121.600/0001-40 Inscr. Est.: 144.412.314.110   comercial@aliancamr.com.br www.aliancamr.com.br      ","""id","empresa","dados"
61,"          ALIAN�A -TRANSPORTES RODOVI�RIOS   Rua Sd. Ant�nio Aparecido, 27 S�o Paulo - SP - P.N.Mundo  - CEP:02187-020   Telefones: (11) 3582-2749 - 3582-2745 -   CNPJ/CPF: 23.279.853/0001-00 Inscr. Est.: 795.640.922.110   comercial@1alianca.com.br       ","""id","empresa","dados"
62,"          AM�O -TRANSPORTES   Rua Sd. Romeu Coco, 04 S�o Paulo - SP - P.N.Mundo  - CEP:02186-090   Telefones: (11) 4324-2933- 2501-5233 - Cel.:(11)95142-5797   CNPJ/CPF: 23.746.644/0001-29 Inscr. Est.: 140.288.664.115   comercial@1maotransportes.com.br www.1maotransportes.com.br      ","""id","empresa","dados"
63,"          AMAVITCARGO -TRANSPORTE      Rua Itacava, 238-B S�o Bernardo do Campo - SP - Jardim Petroni  - CEP:09761-060   Telefones: (11) 4121-9057 -   CNPJ/CPF: 14.415.817/0001-35 Inscr. Est.: 635.411.935.110   comercial@amavitcargo.com.br www.amavitcargo.com.br      ","""id","empresa","dados"
64,"          ANTARES -CARGAS      Rua Afonso Claudio, 130 Galp�o Itaquaquecetuba - SP - Scaffidi  - CEP:08587-840   Telefones: (11) 3370-1105 - (11) 95001-7143 - 95143-4451 -   CNPJ/CPF: 15.029.307/0001-92 Inscr. Est.: 379.096.554.116   atendimento@antarescargas.com.br www.antarescargas.com.br      ","""id","empresa","dados"
65,"          APS -CARGO      Rua Benito Meana, 100 - Box: 31 S�o Paulo - SP - Jd. Julieta  - CEP:02161-170   Telefones: (11) 2939-8399 - 2951-2018 -   CNPJ/CPF: 05.780.875/0001-77 Inscr. Est.: 147.122.822.114   karina.dalefe@apscargo.com.br www.apscargo.com.br      ","""id","empresa","dados"
66,"          �QUILA -LOG�STICA   Av. Papa Jo�o Paulo I, 4353 Guarulhos - SP - Jd.Pres.Dutra  - CEP:07183-495   Telefones: (11) 2279-5850 - 4970-5850 - 4969-2941 -   CNPJ/CPF: 14.938.900/0001-99 Inscr. Est.: 336.958.466.115   priscila@aquilalogistica.com.br www.aquilalogistica.com.br      ","""id","empresa","dados"
67,"          ASA EXPRESS -TRANSPORTES LTDA.      Rua Chebl Masud, 210 S�o Paulo - SP - �gua Funda  - CEP:04156-050   Telefones: (11) 5073-1972 - 5067-1972 -   Fax: Ramal 204   CNPJ/CPF: 60.291.275/0006-68 Inscr. Est.: 112.422.972.166   comercialsp@asaexpress.com.br www.asaexpress.com.br        transporta:        ","""id","empresa","dados"
68,"          ASA EXPRESS -TRANSPORTES LTDA.      Pra�a da Rep�blica, 87 - 10� andar - cj.102 Santos - SP - Centro  - CEP:11013-910   Telefones: (13) 3295-3154 -   CNPJ/CPF: 60.291.275/0001-53 Inscr. Est.: 633.357.250.113   comercialsts@asaexpress.com.br www.asaexpress.com.br        transporta:        ","""id","empresa","dados"
69,"          ASA EXPRESS -TRANSPORTES LTDA.      Rod. H�lio Smidt, s/n� - T.Cargas 2� andar - s/2.12 Guarulhos - SP - Cumbica  - CEP:07141-970   Telefones: (11) 2445-6054 -   CNPJ/CPF: 60.291.275/0005-87 Inscr. Est.: 336.426.260.117   comercialgru@asaexpress.com.br www.asaexpress.com.br        transporta:        ","""id","empresa","dados"
70,"          ASA EXPRESS -TRANSPORTES LTDA.      Rod. Santos Dumont - Km 66 - s/n� - s/131 Campinas - SP - Jardim Itatinga  - CEP:13052-901   Telefones: (19) 3725-5804 -   CNPJ/CPF: 60.291.275/0007-49 Inscr. Est.: 795.018.896.110   comercialvcp@asaexpress.com.br www.asaexpress.com.br        transporta:        ","""id","empresa","dados"
71,"          ATA -TRANSPORTES   Av. Brig. M�rio Perdig�o, 460 Guarulhos - SP - Cumbica  - CEP:07180-260   Telefones: (11) 2466-5933 - 2466-5674 - (11)97973-9028   CNPJ/CPF: 24.312.492/0001-19 Inscr. Est.: 796.436.432.110   andreia@atatransportes.com.br www.atatransportes.com.br      ","""id","empresa","dados"
72,"          CAZAN -TRANSPORTES   Rua Arari Leite, 789 S�o Paulo - SP - Vila Maria  - CEP:02123-050   Telefones: (11) 2631-5063 - 2631-5033 - 2631-5822 -   CNPJ/CPF: 07.797.011/0001-93 Inscr. Est.: 143.673.319.115   comercial@cazantransportes.com.br www.cazantransportes.com.br      ","""id","empresa","dados"
73,"          CEMALE -TRANSPORTES      Rua Francisco Fanganiello, 339/353 S�o Paulo - SP - P.N.Mundo  - CEP:02181-160   Telefones: (11) 2925-6515 - 2925-6520 - Comercial: 4152-6566   CNPJ/CPF: 04.608.612/0001-12 Inscr. Est.: 146.813.770.111   sidney@cemale.com.br www.cemale.com.br      ","""id","empresa","dados"
74,"          CERTEX -EXPRESS   Rua Momba�a, 110 Guarulhos - SP - Cumbica  - CEP:07230-400   Telefones: (11) 2446-0216 -   CNPJ/CPF: 19.336.926/0001-80 Inscr. Est.: 796.168.819.119   contato@certexexpress.com.br www.certexexpress.com.br      ","""id","empresa","dados"
75,"          CESAR DINIZ -CARGO   Rua Alex�nia, 377 Guarulhos - SP - Cumbica  - CEP:07232-010   Telefones: (11) 2229-6484 - 2482-2376 -   CNPJ/CPF: 01.010.442/0003-43 Inscr. Est.: 796.075.555.116   comercial@cesardiniz.com.br www.cesardiniz.com.br        transporta:       ","""id","empresa","dados"
76,"          CLASSE -TRANSPORTES      Rua Miguel Menten, 270 S�o Paulo - SP - V.Guilherme  - CEP:02050-010   Telefones: (11) 4508-6418 -   CNPJ/CPF: 23.974.430/0001-00 Inscr. Est.: 140.423.180.113   primeiraclasse@primeiraclasselog.com.br www.primeiraclasselog.com.br      ","""id","empresa","dados"
77,"          CONFIAN�A -EXPRESS   Rua Am�rico Garibaldi, 101 S�o Paulo - SP - Cangaiba  - CEP:03712-060   Telefones: (11) 2681-5587 - 4305-5587 - - Nextel 94706-6888   CNPJ/CPF: 20.925.810/0001-66 Inscr. Est.: 143.865.885.111   cotacao.confiancaexpress@gmail.com www.confiancaexpress.com.br        transporta:      ","""id","empresa","dados"
78,"          CONTINENTE CARGAS      Av. Edu Chaves, 385-A S�o Paulo - SP - Pq.Edu Chaves  - CEP:02229-000   Telefones: (11) 3729-7633 -   CNPJ/CPF: 24.688.950/0001-19 Inscr. Est.: 140.778.476.110   comercial@continentecargas.com.br www.continentecargas.com.br      ","""id","empresa","dados"
79,"          CROSSLOG -TRANSPORTES   Rua Cap.Aviad. Heitor Luis Jord�o, 125 Guarulhos - SP - Jd. Cumbica  - CEP:07181-130   Telefones: (11) 2303-1894 - 2411-1726 - 4965-2172 -   Fax: 2303-1894   CNPJ/CPF: 11.358.046/0001-01 Inscr. Est.: 336.911.390.118   atendimento@crosslogtransportes.com.br www.crosslogtransportes.com.br      ","""id","empresa","dados"
80,"          DAGO -GRUPO DAGO      Av. Natalia Zarif, 660 - G. 18 Guarulhos - SP - Jd.S.Geraldo  - CEP:07140-040   Telefones: (11) 2088-4270 -   CNPJ/CPF: 11.758.701/0001-00 Inscr. Est.: 336.931.577.110   atendimento.gru@grupodago.com.br www.grupodago.com.br        transporta:      ","""id","empresa","dados"
81,"          DALVA -EXPRESSO LTDA.   Rua 12 de Setembro, 893 S�o Paulo - SP - V. Guilherme  - CEP:02052-000   Telefones: (11) 3326-0140 - 3326-0898 -   CNPJ/CPF: 22.313.159/0003-60 Inscr. Est.: 112.936.949.111   expdalva@terra.com.br www.expressodalva.com.br      ","""id","empresa","dados"
82,"          DANUBIO AZUL -CARGAS   Rua Eul�lio da Costa Carvalho, 860 S�o Paulo - SP - Bairro do Lim�o  - CEP:02712-050   Telefones: (11) 3950-8080 -   Fax: 3950-8089   CNPJ/CPF: 49.512.916/0001-10 Inscr. Est.: 109.906.411.111   comercial-sao@danubioazulcargas.com.br www.danubioazulcargas.com.br      ","""id","empresa","dados"
83,"          DATA -TRANSPORTE E LOG�STICA      Estrada Municipal, 642 - G.11 Guarulhos - SP - �gua Chata  - CEP:07251-300   Telefones: (11) 3381-0600 - 2496-0266 -   CNPJ/CPF: 05.993.655/0003-93 Inscr. Est.: 336.723.798.112   andersonlima@datatransporte.com.br www.datatransporte.com.br      ","""id","empresa","dados"
84,"          DESCALVADO -EXPRESSO   Av. Monteiro, 205 B. 04 Guarulhos - SP - Cumbica  - CEP:07224-000   Telefones: (11) 2412-8928 - 2412-7299 - 2412-7328 - 2412-2255 - (19)3583-1806 - 3583-2059   Fax: 2412-8928 - (19)3583-1806 - 3583-2059   CNPJ/CPF: 02.701.609/0001-13 Inscr. Est.: 336.531.969.111   expressodescalvado@terra.com.br www.expressodescalvado.com.br      ","""id","empresa","dados"
85,"          BARONI -TRANSPORTES   Rua Zilda, 318 S�o Paulo - SP - Casa Verde  - CEP:02545-000   Telefones: (11) 3951-0554 - 3951-6667 -   CNPJ/CPF: 17.786.050/0001-49 Inscr. Est.: 142.206.790.117   comercial01@baronitransportes.com.br       ","""id","empresa","dados"
86,"          BR BRASIL LOG -TRANSPORTES   Rua Santa Olivia, 245 S�o Paulo - SP - Jd. Andarai  - CEP:02167-090   Telefones: (11) 2636-2740 - 2636-2741 -   CNPJ/CPF: 22.164.086/0002-01 Inscr. Est.: 144.683.104.118   diretoria@brbrazillog.com.br www.brbrazillog.com.br      ","""id","empresa","dados"
87,"          BRAEX -EXPRESS   Al. Terceiro-Sgt. Alcides de Oliveira, 382 S�o Paulo - SP - P.N.Mundo  - CEP:02145-040   Telefones: (11) 2931-6408 - 2931-6409 -   Fax: 2949-8890   CNPJ/CPF: 07.301.770/0001-13 Inscr. Est.: 149.378.258.116   braex@braexexpress.com.br www.braexexpress.com.br      ","""id","empresa","dados"
88,"          BRASIL EXPRESS -TRANSPORTES   Av. Louren�o Belloli, 700 - G.07 Osasco - SP - P.I.Mazzei  - CEP:06268-110   Telefones: (11) 3603-4997 - 3603-3887 - 3656-0264 - 3599-7797 -   CNPJ/CPF: 15.242.990/0001-41 Inscr. Est.: 492.604.658.110   leandro@brasilexpress.srv.br www.brasilexpress.srv.br      ","""id","empresa","dados"
89,"          C5 -LOG�STICA   Av. Jo�o Bassi, 97 Guarulhos - SP - Jd.Pres.Dutra  - CEP:07172-440   Telefones: (11) 2295-4327 - 2412-2911 - 3428-2886 - 3428-2338 -   Fax: 2295-4327   CNPJ/CPF: 08.285.466/0001-92 Inscr. Est.: 336.911.362.111   comercialsp@c5logistica.com.br www.c5logistica.com.br      ","""id","empresa","dados"
90,"          CAJURU -TRANSPORTES   TC Fern�o Dias - Q.06 B.08 S�o Paulo - SP - Jd. Julieta  - CEP:02162-040   Telefones: (11) 3659-7402 - 3659-7160 - (34)3211-7707   CNPJ/CPF: 01.442.657/0002-52 Inscr. Est.: 492.077.240.115   comercial.spo@transcajuru.com.br www.transcajuru.com.br      ","""id","empresa","dados"
91,"          CALED�NIA -EXPRESSO LTDA.   Rua Lauzane, 710 S�o Paulo - SP - Vila Friburgo  - CEP:04782-010   Telefones: (11) 5660-6044 - 5666-4019 - 5668-7677 - - 5668-7676 - (15) 3225-4900   Fax: 5668-7677 - (15) 3225-4900   CNPJ/CPF: 55.784.177/0001-18 Inscr. Est.: 111.449.361.115   expcalen@uol.com.br       ","""id","empresa","dados"
92,"          CAMILLO DOS SANTOS -TRANSP.      Av. Nat�lia Zarif, 660 - Unidade 6 Guarulhos - SP - Pq.S. Geraldo  - CEP:07140-040   Telefones: (11) 2901-6604 - 2402-6900 -   CNPJ/CPF: 25.335.282/0003-70 Inscr. Est.: 112.128.267.115   saopaulo@camillodossantos.com.br www.camillodossantos.com.br      ","""id","empresa","dados"
93,"          CAMPINAS RODOVI�RIO (A.W.A.)   Rua Benito Olmos Hernandes, 228 Campinas - SP - Vila Rica  - CEP:13050-510   Telefones: (19) 3727-1420 -   Fax: 3727-1420   CNPJ/CPF: 66.812.736/0001-72 Inscr. Est.: 244.432.575.119   awa@rodoviariocampinas.com.br www.rodoviariocampinas.com.br      ","""id","empresa","dados"
94,"          CAMPINENSE -TRANSP.CARGAS LTDA.   T.C.Fern�o Dias, Q.04 L.03 S�o Paulo - SP - Vila Sabrina  - CEP:02162-020   Telefones: (11) 2193-4777 -   Fax: 2193-4752   CNPJ/CPF: 08.706.145/0008-90 Inscr. Est.: 117.098.756.112   sac@campinense.com.br www.campinense.com.br      ","""id","empresa","dados"
95,"          CAMPO BELO   Rua Joaquim Mendes, 162 S�o Paulo - SP - Bairro do Lim�o  - CEP:02518-100   Telefones: (11) 3965-1077 - 3965-1973 - 3858-1856 - (37)3329-1750   CNPJ/CPF: 19.125.863/0002-02 Inscr. Est.: 113.839.158.119   vcb.sp@amep.com.br www.vcb.com.br      ","""id","empresa","dados"
96,"          CARRION -LOG�STICA E TRANSPORTES   Av. Carlos Ferreira Endres, 721 Guarulhos - SP - Itapegica  - CEP:07041-030   Telefones: (11) 2900-4444 -   Fax: 2900-4444   CNPJ/CPF: 66.772.229/0001-52 Inscr. Est.: 115.219.290.118   leandro@carriontransportes.com.br www.carriontransportes.com.br      ","""id","empresa","dados"
97,"          DIA E NOITE -TRANSP.LOG�STICA   Viela Urga, 200 Guarulhos - SP - Bonsucesso  - CEP:0715-332   Telefones: (11) 4962-8188 -   CNPJ/CPF: 02.556.936/0001-29 Inscr. Est.: 336.581.939.114   comercial@transportesdiaenoite.com.br www.transportesdiaenoite.com.br      ","""id","empresa","dados"
98,"          DISMARINA -TRANSP.RODOV.LTDA.   Rua Eneas Luiz Carlos Barbanti, 392 S�o Paulo - SP - Freg. do �  - CEP:02911-000   Telefones: (11) 3934-4111 PABX -   Fax: 3934-4111   CNPJ/CPF: 67.875.591/0001-11 Inscr. Est.: 113.430.960.118   vendas.sp@dismarina.com.br www.dismarina.com.br      ","""id","empresa","dados"
99,"          EJS -TRANSPORTES   Av. Aracaj�, 297 Guarulhos - SP - Jd. Santa Rita  - CEP:07143-220   Telefones: (11) 2382-1321 - 2401-1325 - (11)99910-2487   CNPJ/CPF: 24.169.903/0001-69 Inscr. Est.: 796.429.091.114   edson@ejstransportes.com.br www.ejstransportes.com.br      ","""id","empresa","dados"
100,"          EMANSSINI -TRANSP.LOG�STICA      Rua Diamantina, 648 S�o Paulo - SP - Vila Maria  - CEP:02117-011   Telefones: (11) 3019-3800 -   CNPJ/CPF: 05.011.394/0001-05 Inscr. Est.: 116.388.556.110   comercial@emanssini.com.br www.emanssini.com.br        transporta:       ","""id","empresa","dados"
101,"          ESTRELA DO VALE -TRANSPORTES   Rua Sd. Gentil Guimar�es, 57 S�o Paulo - SP - Pq.N.Mundo  - CEP:02144-010   Telefones: (11) 2931-9360 -   CNPJ/CPF: 03.233.998/0001-62 Inscr. Est.: 115.470.825.110   comercial.sp@estreladovale.com.br www.estreladovale.com.br      ","""id","empresa","dados"
102,"          ESTRELA DO VALE -TRANSPORTES      Rua Vit�ria R�gia, 129 S�o Jos� dos Campos - SP - Jd. Motorama  - CEP:12224-180   Telefones: (12) 3929-9888 -   CNPJ/CPF: 03.233.998/0002-43 Inscr. Est.: 645.549.309.110   comercial@estreladovale.com.br www.estreladovale.com.br      ","""id","empresa","dados"
103,"          EXACTALOG -TRANSPORTES E LOG�STICA      Av. Pirelli, 973 Sorocaba - SP - �dem  - CEP:18103-085   Telefones: (15) 3018-8568 -   CNPJ/CPF: 20.412.220/0001-30 Inscr. Est.: 387.144.698.117   marcos.zoccal@exactalog.com.br www.exactalog.com.br      ","""id","empresa","dados"
104,"          EXCEL�NCIA -TRANSPORTES      Rua Aparecida Ramos Fuchida, 301 (antigo 21 B) Guarulhos - SP - P.Continental I  - CEP:07077-290   Telefones: (11) 4962-0510 - 4965-0481 - - (11)94753-8681 - ID 55*4*6850   CNPJ/CPF: 13.578.110/0001-87 Inscr. Est.: 146.014.237.112   comercial@excelenciatransportadora.com.br www.excelenciatransportadora.com.br      ","""id","empresa","dados"
105,"          FAMA -TRANSPORTES      Rua Galileu Gaia, 548 S�o Paulo - SP - Vl. Maria  - CEP:02167-070   Telefones: (11) 2636-7656 - (11)96420-2095 -   CNPJ/CPF: 11.586.546/0002-73 Inscr. Est.: 144.415.651.112   adm.sp@famatranscargas.com.br www.famatranscargas.com.br      ","""id","empresa","dados"
106,"          FASTLOG -EXPRESS   Av. Jo�o Pessoa, 757 Santo Andr� - SP - Utinga  - CEP:09230-650   Telefones: (11) 5061-7486 - 5061-7472 -   CNPJ/CPF: 18.776.225/0001-08 Inscr. Est.: 142.744.950.117   comercial@fastlogex.com.br www.fastlogex.com.br      ","""id","empresa","dados"
107,"          FELIPETI -TRANSPORTADORA   Av. Manoel Pedro Pimentel, 50 - B.01 Osasco - SP - Continental  - CEP:06020-194   Telefones: (11) 3683-8701 -   CNPJ/CPF: 05.666.598/0002-57 Inscr. Est.: 492.741.432.116   coletasfelipetisp@gmail.com       ","""id","empresa","dados"
108,"          FLEXSIL -SIST.SUL BRASILEIRO   Rua Prof. Affonso Jos� Fioravanti, 80 S�o Paulo - SP - Jaragu�  - CEP:02998-010   Telefones: (11) 4375 -4023 - 2872-8290 - 3902-3175 -   Fax: 3902-3168   CNPJ/CPF: 08.642.771/0003-56 Inscr. Est.: 206.171.360.114   comercialsp@flexsil-tad.com.br www.flexsil-tad.com.br        transporta:      ","""id","empresa","dados"
109,"          GC -TRANSPORTES E LOG�STICA   Rua Benedita Dornellas Claro, 35 S�o Paulo - SP - Vl.Maria  - CEP:02168-020   Telefones: (11) 2207-1081 - 2631-8375 -   CNPJ/CPF: 08.863.633/0001-35 Inscr. Est.: 149.707.828.110   gctransportessp@hotmail.com       ","""id","empresa","dados"
110,"          GFRIO -TRANSPORTES   Rua Licatem, 415 Bl. D Aruj� - SP - Fazenda Rinc�o  - CEP:07428-280   Telefones: (11) 2742-8351 - (11)99387-0239 -   CNPJ/CPF: 15.354.892/0001-04 Inscr. Est.: 145.170.607.118   contato@gfriotransportes.com.br www.gfriotransportes.com.br        transporta:      ","""id","empresa","dados"
111,"          GOI�NIA -R�PIDO LTDA.   Av. Dr. Assis Ribeiro, 4898 S�o Paulo - SP - Jd. Piratininga  - CEP:03717-000   Telefones: (11) 2541-6614 - 2541-1343 -   Fax: 2541-6614   CNPJ/CPF: 55.166.128/0003-83 Inscr. Est.: 114.804.056.111   rapidogoianiasp@gmail.com       ","""id","empresa","dados"
112,"          GOI�NIA -R�PIDO LTDA.   Rua Rodrigo Silva, 83 Santos - SP - Macuco  - CEP:11015-240   Telefones: (13) 3234-9161 -   Fax: 3234-9161   CNPJ/CPF: 55.166.128/0001-11 Inscr. Est.: 633.174.801.114   rapidogoiania@gmail.com       ","""id","empresa","dados"
113,"          GUIMA -EXPRESS      Rua Dragutin Kalman, 233 Jundia� - SP - Cidade Jardim  - CEP:13203-524   Telefones: (11) 4526-2390 - 97336-9128 -   CNPJ/CPF: 21.056.358/0001-06 Inscr. Est.: 407.368.790.118   guimatransporteexpress@gmail.com       ","""id","empresa","dados"
114,"          GXLOG -TRANSPORTE LOG�STICA   Rua dos Pessegueiros, 493 Diadema - SP - Tabo�o  - CEP:09940-580   Telefones: (11) 4308-1096 - 2311-7060 -   CNPJ/CPF: 11.118.562/0001-50 Inscr. Est.: 142.528.440.110   contato@gxlog.com.br www.gxlog.com.br        transporta:      ","""id","empresa","dados"
115,"          HAPPENING -TRANSPORTES      Av. Marginal Maur�lio Bacega, 1950 Sert�ozinho - SP - Jd.das Palmeiras  - CEP:14177-290   Telefones: (16) 3946-4500 - (16)99119-8894 -   CNPJ/CPF: 50.632.496/0001-94 Inscr. Est.: 664.046.248.114   fabio@happening.com.br www.happening.com.br      ","""id","empresa","dados"
116,"          HELTRAN -TRANSPORTES LTDA.      Av. Projecta, 76 Guarulhos - SP - Cumbica  - CEP:07222-130   Telefones: (11) 2085-4070 -   CNPJ/CPF: 03.686.726/0002-07 Inscr. Est.: 336.648.680.111   gerenciasp@heltran.com.br www.heltran.com.br      ","""id","empresa","dados"
117,"          HERVI -TRANSP.CARGAS LTDA.   Rua Alan Kardec, 135 Limeira - SP - Vila Piza  - CEP:13486-162   Telefones: (19) 3451-4154 - 3441-1264 - 3011-5555 -   Fax: 3451-4154 - 3441-1264 - 3011-5555   CNPJ/CPF: 45.133.709/0001-01 Inscr. Est.: 417.029.631.113   hervi@ig.com.br www.hervi.com.br      ","""id","empresa","dados"
118,"          HERVI -TRANSP.CARGAS LTDA.   Via Anhanguera - Km 16,2 - M�dulos 12 e 13 S�o Paulo - SP - Pq.Anhanguera  - CEP:05112-000   Telefones: (11) 3836-1072 - 3836-5189 - (19)3451-4154 - 3441-1264 -   CNPJ/CPF: 45.133.709/0002-84 Inscr. Est.: 113.600.689.118   claudia@hervi.com.br www.hervi.com.br      ","""id","empresa","dados"
119,"          HR -LOG�STICA   Av. Pedro de Souza Lopes, 2296-A Guarulhos - SP - Vl. Galv�o  - CEP:07074-000   Telefones: (11) 2455-1780 -   CNPJ/CPF: 13.193.470/0001-60 Inscr. Est.: 336.556.048.116   priscila@hrlogistica.com.br www.hrlogistica.com.br      ","""id","empresa","dados"
120,"          IDEAL -EXPRESSO      Rua Sgt. Manoel Chagas, 130 S�o Paulo - SP - Pq.N.Mundo  - CEP:02179-040   Telefones: (11) 2967-2286 - 2954-8223 -   Fax: 2967-2286   CNPJ/CPF: 10.213.679/0003-12 Inscr. Est.: 148.289.303.117   ei.sp@bol.com.br www.expressoideal.com.br      ","""id","empresa","dados"
121,"          INOVEX -TRANSPORTES LTDA.   Av. Venturosa, 429 Guarulhos - SP - Cumbica  - CEP:07240-000   Telefones: (11) 2412-8878 - 4969-3014 -   CNPJ/CPF: 14.187.188/0001-33 Inscr. Est.: 336.613.111.112   inovex@inovextransportes.com.br www.inovextransportes.com.br      ","""id","empresa","dados"
122,"          INTER�GIL -TRANSPORTE E LOG�STICA   Rua Ju�, 54 S�o Paulo - SP - Sa�de  - CEP:04138-020   Telefones: (11) 5589-3288 -   CNPJ/CPF: 07.733.589/0001-86 Inscr. Est.: 117.204.732.114   contato@interagil.com.br www.interagil.com.br        transporta:      ","""id","empresa","dados"
123,"          JANA�BA -GRUPO TRM   Av. Patos, 1137 Guarulhos - SP - Cumbica  - CEP:07222-010   Telefones: (11) 2446-3191 - 2481-2904 -   CNPJ/CPF: 13.787.682/0002-57 Inscr. Est.: 796.061.493.119   gerenciaspa@trmlogistica.com www.trmlogistica.com      ","""id","empresa","dados"
124,"          JATEX -CARGAS EXPRESSAS   Rua Angatuba, 135 Guarulhos - SP - Cumbica  - CEP:07220-030   Telefones: (11) 2102-9700 -   CNPJ/CPF: 39.124.797/0001-74 Inscr. Est.: 336.428.839.111   comercialsao@jatex.com.br www.jatex.com.br      ","""id","empresa","dados"
125,"          JEM - TRANSFER�NCIA DE CARGAS   Estrada Particular Keiji Kimura, 111 S�o Bernardo do Campo - SP - Cooperativa  - CEP:09852-010   Telefones: (11) 5035-2600 - 5567-6400 - DDG 0800 536 2600   CNPJ/CPF: 06.151.206/0001-07 Inscr. Est.: 116.773.593.110   cotacao@jemtransportes.com.br www.jemtransportes.com.br      ","""id","empresa","dados"
126,"          JHC -EXPRESS   Av. Monteiro, 241 s/02 Guarulhos - SP - Cumbica  - CEP:07224-000   Telefones: (11) 2303-6662 - 2303-6689 -   CNPJ/CPF: 05.484.892/0002-48 Inscr. Est.: 796.156.537.114   comercial@jhcexpress.com www.jhcexpress.com      ","""id","empresa","dados"
127,"          JOLEELOG -TRANSPORTES   Rua Ic�, 436 Guarulhos - SP - Cumbica  - CEP:07232-078   Telefones: (11) 3229-4190 - 3227-1957 -   CNPJ/CPF: 10.517.853/0002-30 Inscr. Est.: 796.443.067.119   saopaulo@jolee.com.br www.jolee.com.br      ","""id","empresa","dados"
128,"          JOLOG -TRANSPORTES E LOG�STICA   Rua Porto Castanheiro, 60 S�o Paulo - SP - Cid. Ademar  - CEP:04386-120   Telefones: (11) 5565-5676 - 96152-5980 - Nextel: (11)94770-3950 -   CNPJ/CPF: 23.081.049/0001-11 Inscr. Est.: 144.917.833.115   contato@jolog.com.br www.jolog.com.br      ","""id","empresa","dados"
129,"          JORTEK -EXPRESS      Rua Jo�o Ranieri, 689 Guarulhos - SP - Bonsucesso  - CEP:07177-120   Telefones: (11) 2412-1343 - 2412-6378 -   CNPJ/CPF: 04.805.994/0001-74 Inscr. Est.: 336.680.741.110   comercialsp1@jortek.com.br www.jortek.com.br      ","""id","empresa","dados"
130,"          KLJ -LOG�STICA   Rua Sd. Crist�v�o Morais Garcia, 428 S�o Paulo - SP - P.N.Mundo  - CEP:02187-090   Telefones: (11) 3854-0212 -   CNPJ/CPF: 18.128.689/0002-80 Inscr. Est.: 144.180.352.114   jorge@kljlogistica.com.br www.kljlogistica.com.br      ","""id","empresa","dados"
131,"          KM CARGAS      Rua Sd. Jos� Leite da Silva, 399 S�o Paulo - SP - P.N.Mundo  - CEP:02190-030   Telefones: (11) 2207-1979 - (11)98475-1675 -   CNPJ/CPF: 25.069.447/0001-48 Inscr. Est.: 140.972.592.118   comercial@kmcargas.com.br www.kmcargas.com.br      ","""id","empresa","dados"
132,"          LANMAX -TRANSPORTES   Estr. Municipal, 642 - Lote 04 Guarulhos - SP - V. Dinamarca  - CEP:07251-300   Telefones: (11) 2489-8059 - 3566-6768 -   CNPJ/CPF: 10.450.801/0001-02 Inscr. Est.: 336.864.373.117   cotacao@lanmax.com.br www.lanmaxtransportes.com.br      ","""id","empresa","dados"
133,"          LASTRO -TRANSPORTES LTDA.      Av. Condeal, 175 Guarulhos - SP - Cumbica  - CEP:07170-550   Telefones: (11) 2431-1517 - 2431-3155 -   CNPJ/CPF: 00.525.563/0001-01 Inscr. Est.: 336.887.921.113   operacionalsp@lastrotransportes.com.br www.lastrotransportes.com.br      ","""id","empresa","dados"
134,"          LEOFRAN -TRANSPORTES LTDA.   Rua Cb. Bas�lio Zequim Junior, 60 S�o Paulo - SP - P. N. Mundo  - CEP:02180-000   Telefones: (11) 2635-1515 - 2635-1796 -   CNPJ/CPF: 02.259.840/0003-60 Inscr. Est.: 116.284.263.113   comercial.sp@leofran.com.br www.leofran.com.br      ","""id","empresa","dados"
135,"          LILOG -EXPRESS   Av. Monteiro, 241 Guarulhos - SP - Cumbica  - CEP:07224-000   Telefones: (11) 2446-4474 - 3433-8053 -   CNPJ/CPF: 24.365.399/0001-72 Inscr. Est.: 796.438.852.114   comercialgru@lilogexpress.com.br www.lilogexpress.com.br        transporta:      ","""id","empresa","dados"
136,"          LITORAL -TRANSPORTES      Av. do Trabalhador, 235 Praia Grande - SP - S�tio do Campo  - CEP:11725-000   Telefones: (13) 3472-9401 -   CNPJ/CPF: 18.151.974/0001-31 Inscr. Est.: 558.275.354.113   administrativo@litoraltransportes.com       ","""id","empresa","dados"
137,"          LOG7 -TRANSPORTES      Rua Echapor�, 248 Guarulhos - SP - Cumbica  - CEP:07224-090   Telefones: (11) 2412-3078 - 2488-6700 -   CNPJ/CPF: 19.343.827/0001-26 Inscr. Est.: 796.169.202.112   edjaniossp@gmail.com www.log7.com.br      ","""id","empresa","dados"
138,"          LOGMED -TRANSPORTE E LOG�STICA   Rua Romualdo Davoli, 131 S�o Jos� dos Campos - SP - Eldorado  - CEP:12238-577   Telefones: (12) 3903-4294 - 3903-4302 -   CNPJ/CPF: 10.466.633/0001-43 Inscr. Est.: 645.543.773.114   contato@logmed.net www.logmed.net        transporta:       ","""id","empresa","dados"
139,"          LUZ -EXPRESSO      Rua Inicinea, 164 Guarulhos - SP - Cid. Ser�dio  - CEP:07150-080   Telefones: (11) 4966-2348 - 2852-6621 -   CNPJ/CPF: 14.043.951/0001-52 Inscr. Est.: 336.605.838.110   william@expressoluz.com www.expressoluz.com      ","""id","empresa","dados"
140,"          LUZIANA-EX -TRANSP.RODOV.   Rua Arari Leite, 807 - s/01 S�o Paulo - SP - V. Maria  - CEP:02123-050   Telefones: (11) 2306-0654 - 2955-8643 - 2954-7713 -   CNPJ/CPF: 14.733.248/0002-57 Inscr. Est.: 143.044.180.119   sebastiao@luseannaex.com.br www.luseannaex.com.br      ","""id","empresa","dados"
141,"          MAEX BRASIL   Al. Rio Preto, 752 Barueri - SP - Tambor�  - CEP:06460-050   Telefones: (11) 4133-2995 - (19)3267-9799 -   Fax: 4133-2995   CNPJ/CPF: 67.743.625/0001-14 Inscr. Est.: 206.272.671.113   cotacao@maexbrasil.com.br www.maexbrasil.com.br      ","""id","empresa","dados"
142,"          MAMLOG -TRANSPORTE DE CARGAS   Rua Angelina Gazeta Romanini, 141 S�o Paulo - SP - Pq. Res. Orat�rio  - CEP:03266-170   Telefones: (11) 2337-7335 -   CNPJ/CPF: 13.883.477/0001-04 Inscr. Est.: 144.945.446.119   milton@mamlog.com www.mamlog.com      ","""id","empresa","dados"
143,"          MARAJ� -TRANSP.E LOG�STICA LTDA.   Av. Patos, 165 Guarulhos - SP - Cumbica  - CEP:07222-010   Telefones: (11) 2412-0327 -   Fax: 2412-0327   CNPJ/CPF: 02.973.203/0001-90 Inscr. Est.: 336.483.175.119   marajatransp@uol.com.br www.marajatransp.com.br      ","""id","empresa","dados"
144,"          MAY -TRANSPORTE E LOG�STICA LTDA.   Rua Dr. Moacyr Ant�nio de Moraes, 268/296 Guarulhos - SP - Pq.S.Agostinho  - CEP:07140-285   Telefones: (11) 2404-5210 - 2404-5212 - 2401-3073 - 2401-1936 - (69)3442-6887   CNPJ/CPF: 12.920.525/0002-05 Inscr. Est.: 796.195.904.114   maytransportes@outlook.com       ","""id","empresa","dados"
145,"          MCP -TRANSPORTES LTDA.   Rua Santa Elizabeth, 179 Guarulhos - SP - Vl. Paraiso  - CEP:07241-170   Telefones: (11) 4964-6464 PABX -   CNPJ/CPF: 57.686.057/0001-03 Inscr. Est.: 336.575.256.112   comercial@mcptransportes.com.br www.mcptransportes.com.br        transporta:       ","""id","empresa","dados"
146,"          MDS -LOG�STICA   Rua Urbano Santos, 556 Guarulhos - SP - Jd.Cumbica  - CEP:07182-320   Telefones: (11) 2088-6753 - 2279-8824 -   CNPJ/CPF: 19.878.473/0002-03 Inscr. Est.: 796.249.075.118   comercialmds@hotmail.com www.msdlogistica.com      ","""id","empresa","dados"
147,"          MEGA TRANS -TRANSPORTES   Av. Chiyo Yamamoto, 389-A Guarulhos - SP - N. Bonsucesso  - CEP:07176-040   Telefones: (11) 2865-8076 - 2826-5250 -   CNPJ/CPF: 12.877.025/0001-57 Inscr. Est.: 336.535.635.112   comercial@megatranscomercial.com.br www.megatranscomercial.com.br      ","""id","empresa","dados"
148,"          MELITTIO -TRANSPORTES   Av. S�o Mateus do Maranh�o, 251 Guarulhos - SP - Cumbica  - CEP:07222-140   Telefones: (11) 2481-7707 - (75)3625-2861 - 3223-5043 -   Fax: 2481-7707   CNPJ/CPF: 07.420.253/0001-63 Inscr. Est.: 336.749.254.115   novafeiratrans@yahoo.com.br       ","""id","empresa","dados"
149,"          MIG CARGAS      Rua Sd. Benedito Patricio, 465 S�o Paulo - SP - P.N.Mundo  - CEP:02176-040   Telefones: (11) 2636-4995 - 2636-4996 -   CNPJ/CPF: 71.427.876/0002-48 Inscr. Est.: 140.899.501.114   atendimentosp@migcargas.com.br www.migcargas.com.br        transporta:      ","""id","empresa","dados"
150,"          MIRIM -EXPRESSO   Rua Nossa Sra. do Loreto, 634 s/06 S�o Paulo - SP - Vl.Medeiros  - CEP:02219-000   Telefones: (11) 2373-9288 - Nextel: (11)94008-5441 -   CNPJ/CPF: 14.902.443/0001-82 Inscr. Est.: 146.910.915.112   comercial@expressomirim.com.br www.expressomirim.com.br      ","""id","empresa","dados"
151,"          ML EXPRESS -TRANSP.LOG�STICA   Rua Jordalino Pietro Bom, 1148 Indaiatuba - SP - Jardim S�o Conrado  - CEP:13348-403   Telefones: (19) 3935-3800 - 3935-2663 -   CNPJ/CPF: 11.224.051/0001-13 Inscr. Est.: 353.268.650.116   amarior@terra.com.br       ","""id","empresa","dados"
152,"          MONTCAR 2003 -EXPRESSO LTDA.   Rua Santana de Ipanema, 763 Guarulhos - SP - Cumbica  - CEP:07220-010   Telefones: (11) 2412-1610 -   Fax: 2412-1610 - Ramal 214   CNPJ/CPF: 05.514.580/0001-59 Inscr. Est.: 336.769.812.117   saopaulo@expressomontcar.com.br www.expressomontcar.com.br      ","""id","empresa","dados"
153,"          MONTONE -TRANSPORTES LTDA.   Av. Leonardo da Vinci, 1624 S�o Paulo - SP - Jabaquara  - CEP:04313-001   Telefones: (11) 5011-5311 -   Fax: 5011-5311   CNPJ/CPF: 43.246.941/0001-12 Inscr. Est.: 110.289.495.112   vendas1@transmontone.com.br www.transmontone.com.br      ","""id","empresa","dados"
154,"          MOVATI -TRANSPORTES LTDA.      Rua Florest�polis, 87 Guarulhos - SP - Pq.S.Luiz  - CEP:07171-030   Telefones: (11) 3499-8439 - 3493-5309 -   CNPJ/CPF: 19.863.408/0001-15 Inscr. Est.: 796.197.492.113   vendas@movati.com.br www.movati.com.br        transporta:      ","""id","empresa","dados"
155,"          MP JUNIOR -TRANSPORTADORA      Rua E�a de Queiroz, 64 Osasco - SP - Jd. Santa Maria  - CEP:06149-221   Telefones: (11) 4565-0262 - 4565-0018 - 4565-2853 -   CNPJ/CPF: 23.706.705/0001-24 Inscr. Est.: 140.268.487.110   sac@mpjuniortransportes.com.br www.mpjuniortransportes.com.br      ","""id","empresa","dados"
156,"          MSX -LOG�STICA      Av. Belo Campo, 103 Guarulhos - SP - Jd. Pres.Dutra  - CEP:07172-040   Telefones: (11) 4968-4040 -   CNPJ/CPF: 18.493.350/0002-83 Inscr. Est.: 796.343.763.114   expedicao.sp@msxlog.com.br www.msxlog.com.br      ","""id","empresa","dados"
157,"          N PIMENTA -TRANSPORTES   Rua Jo�o Batista Nogueira, 250 Guarulhos - SP - Cumbica  - CEP:07230-451   Telefones: (11) 2085-4575 - 4966-8449 -   CNPJ/CPF: 31.527.351/0002-60 Inscr. Est.: 336.398.239.111   cotacao@npimenta.com.br www.npimenta.com.br      ","""id","empresa","dados"
158,"          NEW ROUTE -EXPRESS   Rua Fritz Jank, 282 S�o Paulo - SP - P.N.Mundo  - CEP:02181-120   Telefones: (11) 2631-1194 - 2631-1825 - 2636-1196 - 2636-1194 -   CNPJ/CPF: 13.762.959/0001-06 Inscr. Est.: 146.134.881.119   contato@newrouteexpress.com.br www.newrouteexpress.com.br      ","""id","empresa","dados"
159,"          NLT -TRANSPORTES   Rua Andarai, 129 S�o Paulo - SP - Vila Maria  - CEP:02117-000   Telefones: (11) 2738-5935 - 2305-5407 -   CNPJ/CPF: 20.065.393/0001-29 Inscr. Est.: 143.421.630.112   nlt@nlttransportes.com www.nlttransportes.com        transporta:      ","""id","empresa","dados"
160,"          NORDESTE -EXPRESSO   Rua Jos� Brumatti, 1141 Guarulhos - SP - Jd. Sto.Expedito  - CEP:07160-170   Telefones: (11) 3988-2323 - 2466-3037 -   CNPJ/CPF: 05.131.985/0003-70 Inscr. Est.: 336.765.240.115   expressonordeste@gmail.com       ","""id","empresa","dados"
161,"          NORDEXLOG -ENTREGAS R�PIDAS   Av. Monteiro Lobato, 4550 - G.21 Guarulhos - SP - Cumbica  - CEP:07180-000   Telefones: (11) 3195-0225 -   CNPJ/CPF: 13.838.931/0012-68 Inscr. Est.: 796.227.531.115   comercial.spo@nordexlog.com.br www.nordexlog.com.br      ","""id","empresa","dados"
162,"          NOVA BRAS�LIA -TRANSPORTADORA   Rod. Pres. Tancredo de Almeida Neves - Km 55,2 s/n� Jundia� - SP - J. Santa Gertrudes  - CEP:13205-005   Telefones: (11) 4599-9222 - 4599-9159 -   CNPJ/CPF: 57.642.431/0001-79 Inscr. Est.: 407.107.904.116   comercial@tnb.com.br www.tnb.com.br      ","""id","empresa","dados"
163,"          PETROLINA -EXPRESSO   Viela Urga, 416 Guarulhos - SP - Bonsucesso  - CEP:07175-332   Telefones: (11) 2488-0202 - 2482-4624 -   CNPJ/CPF: 03.496.827/0001-26 Inscr. Est.: 336.500.089.113   comercialsp@expressopetrolina.com www.expressopetrolina.com.br      ","""id","empresa","dados"
164,"          POTENCIAL -EXPRESS   Av. Rio Real, 251 Guarulhos - SP - Jd. Pres. Dutra  - CEP:07170-000   Telefones: (11) 4968-8444 -   CNPJ/CPF: 05.511.905/0001-40 Inscr. Est.: 336.844.489.114   logistica@potencialexpress.com.br www.potencialexpress.com.br      ","""id","empresa","dados"
165,"          POWER EXPRESS -LOG.TR.LTDA.   Av. Presidente Wilson, 1297 - A.03 S�o Paulo - SP - Mo�ca  - CEP:03107-001   Telefones: (11) 2219-6060 - 3535-5817 - 3532-2530 - Nextel: ID 15*19729   Fax: 2219-6062   CNPJ/CPF: 71.154.462/0003-73 Inscr. Est.: 117.106.191.110   vendasspo@powerlogistica.com.br www.powerlogistica.com.br      ","""id","empresa","dados"
167,"          PRUDENTINO -TRANSPORTES LTDA.   Av. Brasil, 3398 Presidente Prudente - SP - Vl.Formosa  - CEP:19053-340   Telefones: (18) 3906-2553 - 3906-2522 -   Fax: 3907-7592   CNPJ/CPF: 50.971.456/0001-77 Inscr. Est.: 562.057.232.110   prudentinodaniele@terra.com.br       ","""id","empresa","dados"
168,"          PRUDENTINO -TRANSPORTES LTDA.   Rua Sd. An�sio Ant�o Ferreira, 310 S�o Paulo - SP - Pq.N.Mundo  - CEP:02142-000   Telefones: (11) 2631-0056 - 2955-7558 - 2636-2633 -   Fax: 2631-0056   CNPJ/CPF: 50.971.456/0003-39 Inscr. Est.: 148.990.925.113   prudentinotransportes@uol.com.br       ","""id","empresa","dados"
166,"          PRESTO -LOG�STICA   Rua Col�nia Leopoldina, 285 Guarulhos - SP - Cumbica  - CEP:07220-040   Telefones: (11) 2085-6366 - 2412-0952 - Nextel (11)94024-6107   CNPJ/CPF: 18.501.253/0002-95 Inscr. Est.: 796.464.542.110   adm.spo@prestologistica.net.br www.prestologistica.net.br      ","""id","empresa","dados"
169,"          PVH -TRANSPORTES   Rua Bela Vista do Paraiso, 1782 G.12 Guarulhos - SP - Jd.N.Portugal  - CEP:07171-000   Telefones: (11) 2469-1522 - 2486-8215 - 2486-8217 -   CNPJ/CPF: 04.485.767/0001-09 Inscr. Est.: 336.626.589.111   lilian.couto@pvhtransportes.com.br www.pvhtransportes.com.br      ","""id","empresa","dados"
170,"          R�PIDOBR -TRANSP. & LOG�STICA   Rua Condeal, 245 Guarulhos - SP - Pq. S�o Luiz  - CEP:07170-550   Telefones: (11) 2303-0593 - 2431-3419 - 2431-3913 -   CNPJ/CPF: 14.682.495/0001-90 Inscr. Est.: 336.640.234.110   roberto@rapidobr.com.br www.rapidobr.com.br      ","""id","empresa","dados"
171,"          RBL -TRANSPORTES   Av. Nova Cumbica, 178 Guarulhos - SP - Cumbica  - CEP:07231-000   Telefones: (11) 2411-1030 - 2421-2812 -   Fax: 2414-1171   CNPJ/CPF: 10.887.811/0001-00 Inscr. Est.: 336.885.593.118   comercialsp@rbltransportes.com.br www.rbltransportes.com.br      ","""id","empresa","dados"
172,"          RH -TRANSPORTES      Rua Pres. Epit�cio Pessoa, 183 Barueri - SP - Jd. Itaquiti  - CEP:06422-000   Telefones: (11) 4382-8357 - (11)94948-8175 - 94494-3167 -   CNPJ/CPF: 13.428.384/0001-90 Inscr. Est.: 206.163.171.117   rose@rhlogistic.com.br www.rhtransportes.com      ","""id","empresa","dados"
173,"          RICHARD -EXPRESS CARGO   Al. Eduardo Prado, 65/67 S�o Paulo - SP - Campos Eliseos  - CEP:01218-011   Telefones: (11) 3223-8582 - 3337-8143 -   CNPJ/CPF: 00.861.731/0001-21 Inscr. Est.: 114.533.595.114   richardexpress@terra.com.br         transporta:      ","""id","empresa","dados"
174,"          RN -LOG�STICA   Rua Roberto Venturole, 525 Guarulhos - SP - Cid.Aracilia  - CEP:07250-015   Telefones: (11) 5573-5196 -   Fax: 5573-5196   CNPJ/CPF: 03.243.739/0001-12 Inscr. Est.: 796.036.851.115   equipecomercial@rnlogistica.com.br www.rnlogistica.com.br      ","""id","empresa","dados"
175,"          RODOBEM -EXPRESS   Rua Manuel Pinheiro de Albuquerque, 207 S�o Paulo - SP - Jd. Bras�lia  - CEP:03582-080   Telefones: (11) 3565-0038 - 3565-0048 - 2157-2621 - 2157-2622 - 98907-7912 - 98507-6775   CNPJ/CPF: 13.349.420/0001-20 Inscr. Est.:    transporte@rodobemexpress.com.br www.rodobemexpress.com.br      ","""id","empresa","dados"
176,"          RODODATA -TRANSPORTES LTDA.   Rua Francisco de Paula Alvarenga, 15 / 15A Osasco - SP - Ayrosa  - CEP:06283-070   Telefones: (11) 4554-8499 - 4556-3465 - 4456-3461 - 4311-8925 -   CNPJ/CPF: 15.418.632/0001-47 Inscr. Est.: 492.759.475.113   comercial@rododata.com.br www.rododata.com.br      ","""id","empresa","dados"
177,"          RODOJUNIOR -TRANSPORTES   Rua Manoel Silvino Bandeira de Melo, 63 S�o Paulo - SP - V. Guilherme  - CEP:02054-040   Telefones: (11) 2909-2200 - 2905-2500 - 2905-1481 -   Fax: 2905-2500   CNPJ/CPF: 04.895.882/0001-51 Inscr. Est.: 492.446.592.116   rodojunior@pocos-net.com.br www.rodojr.com.br      ","""id","empresa","dados"
178,"          RODOLIMEIRA -EXPRESS CARGO   Via de Acesso Jo�o de Go�s, 2305 Jandira - SP - Jd. Alvorada  - CEP:06612-000   Telefones: (11) 4789-4338 - 4115-3503 -   CNPJ/CPF: 17.787.572/0001-65 Inscr. Est.: 398.051.640.116   rodolimeira@uol.com.br www.rodolimeira.com.br      ","""id","empresa","dados"
179,"          RODOR -TRANSPORTE LTDA.   Av. Nadir Dias Figueiredo, 749 S�o Paulo - SP - Vila Maria  - CEP:02110-000   Telefones: (11) 2218-6444 -   Fax: 2218-6444   CNPJ/CPF: 45.351.418/0001-81 Inscr. Est.: 146.742.512.112   fernanda.sp@rodor.com.br www.rodor.com.br        transporta:      ","""id","empresa","dados"
180,"          SCARPATO -TRANSPORTADORA LTDA.   Rua Jo�o Roberto Thut, 437 S�o Paulo - SP - Freg. do �  - CEP:02751-010   Telefones: (11) 3936-3175 - 3936-1984 - (19) 3893-1304 -   Fax: 3936-3175   CNPJ/CPF: 50.067.271/0001-32 Inscr. Est.: 519.001.521.119   scarpatope@uol.com.br       ","""id","empresa","dados"
181,"          SCR -LOG�STICA RODO A�REO      Av. Dr. Arthur Marcondes Siqueira, 250 Guarulhos - SP - Bonsucesso  - CEP:07175-490   Telefones: (11) 2088-9898 -   CNPJ/CPF: 01.382.692/0001-42 Inscr. Est.: 336.559.701.110   comercial.sp@scrlogistica.com.br www.scrlogistica.com.br      ","""id","empresa","dados"
182,"          SEGMA -TRANSPORTE E LOG�STICA   Rua Manoel Amaral, 122 Diadema - SP - Centro  - CEP:09910-000   Telefones: (11) 4054-4125 -   CNPJ/CPF: 22.121.356/0001-16 Inscr. Est.: 286.384.514.114   comercial@segmatransporte.com.br www.segmatransporte.com.br      ","""id","empresa","dados"
183,"          SILVA -TRANSLOG      Rua Sd. Jos� Leite da Silvas, 236 C S�o Paulo - SP - P.N.Mundo  - CEP:02190-030   Telefones: (11) 3805-4069 -   CNPJ/CPF: 24.940.205/0001-15 Inscr. Est.: 140.906.312.115   comercial@acmaq.com.br       ","""id","empresa","dados"
184,"          SILVERLOG -ARMAZENAGEM E TRANSPORTES   Rua Dr. Mario Toledo de Moraes, 75 Franco da Rocha - SP - Jd. Dos Lagos  - CEP:07830-540   Telefones: (11) 4819-1357 - 4202-6312 -   CNPJ/CPF: 08.698.578/0001-75 Inscr. Est.: 149.611.556.111   sac@silverlog.com.br www.silverlog.com.br      ","""id","empresa","dados"
185,"          SOLNORDESTE -TR.LOG.DISTRIB.   Rua Bicas, 78 Guarulhos - SP - Cumbica  - CEP:07223-040   Telefones: (11) 2413-2080 -   CNPJ/CPF: 08.759.512/0001-48 Inscr. Est.: 336.905.850.115   solnordeste@solnordestetransportes.com.br www.solnordestetransportes.com.br      ","""id","empresa","dados"
186,"          SOUSA & SOUSA -TRANSP.LTDA.   Rua Cb. Basilio Zechin Junior, 15 S�o Paulo - SP - P.N.Mundo  - CEP:02180-000   Telefones: (11) 2801-5551 - 4382-3412 -   Fax: 2801-5551 - 4382-3412   CNPJ/CPF: 01.336.703/0004-09 Inscr. Est.: 116.202.499.119   sac@sousaesousa.com.br www.sousaesousa.com.br      ","""id","empresa","dados"
187,"          STANCANELLI -TR.LOG�ST.LTDA.   Av. Patos, 927 Guarulhos - SP - Cumbica  - CEP:07222-010   Telefones: (11) 2412-3007 - 2446-3832 -   Fax: 2412-3428   CNPJ/CPF: 07.703.052/0001-73 Inscr. Est.: 336.762.358.115   stancanelli@terra.com.br www.stancanelli.com.br      ","""id","empresa","dados"
188,"          SYNERLOG / SYNERGY   Rua Dr. Moacyr Ant�nio de Moraes, 220 Guarulhos - SP - P.S.Agostinho  - CEP:07140-285   Telefones: (11) 2406-1563 - 2406-1609 - 2407-5806 -   CNPJ/CPF: 06.057.650/0001-50 Inscr. Est.: 336.722.471.115   comercial@synerlog.com.br www.synerlog.com.br      ","""id","empresa","dados"
189,"          TRANS JH -TRANSPORTES   Rua Pereiro, 205 Guarulhos - SP - V.N.Cumbica  - CEP:07231-415   Telefones: (11) 2446-4998 - 2303-1506 - (11)95444-5125 - ID 35*4*21632   CNPJ/CPF: 18.816.971/0002-50 Inscr. Est.: 796.493.436.110   comercial.sp@transjh.com.br www.transjh.com.br      ","""id","empresa","dados"
190,"          TRANS-CLOSED -TRANSPORTES   Av. Neusa Luongo, 172 Guarulhos - SP - J.Rosa Fran�a  - CEP:07081-290   Telefones: (11) 2455-1904 -   Fax: 4372-9795   CNPJ/CPF: 10.227.226/0001-83 Inscr. Est.: 336.852.296.111   thiago@transclosed.com.br www.transclosed.com.br      ","""id","empresa","dados"
191,"          TRANSARIMAT�IA   Rua Sd. Jos� Reym�o, 216 S�o Paulo - SP - Pq.N.Mundo  - CEP:02178-040   Telefones: (11) 2967-3512 - 2636-7406 - (14)3281-6090 -   Fax: (14)3281-6090   CNPJ/CPF: 06.879.342/0001-00 Inscr. Est.: 209.353.130.111   transarimateiabauru@uol.com.br www.transarimateia.com.br      ","""id","empresa","dados"
192,"          TRANSBOM -TRANSPORTES LTDA.   Rua Frei Egidio Laurent, 71 Osasco - SP - Vl. Rem�dios  - CEP:06298-020   Telefones: (11) 3686-2111 - (15)3282-9999 -   Fax: 3687-8585   CNPJ/CPF: 53.766.556/0001-50 Inscr. Est.: 692.010.893.119   comercial@transbom.com.br www.transbom.com.br      ","""id","empresa","dados"
193,"          TRANSEG -TRANSP.LOG�STICA   Av. Lindomar Gomes de Oliveira, 408 Guarulhos - SP - Cumbica  - CEP:07232-150   Telefones: (11) 2412-5299 -   Fax: 2412-5299   CNPJ/CPF: 10.686.690/0001-38 Inscr. Est.: 336.925.503.111   transegtransportes@transegtransportes.com.br www.transegtransportes.com.br      ","""id","empresa","dados"
194,"          TRANSFERRARI -TR.LOG�STICA   Rua Jo�o Pessoa, 60 - 6� andar Santos - SP - Centro  - CEP:11013-904   Telefones: (13) 3235-1021 - 3235-1020 -   Fax: 3222-6082   CNPJ/CPF: Inscr. Est.:    transferrari@transferrari.com.br www.transferrari.com.br        transporta:       ","""id","empresa","dados"
195,"          TRANSFAED -TRANSPORTES      Rua Adalberto Moreira Baialuna, 186 Jundia� - SP - Pq. Cidade Jardim  - CEP:13203-521   Telefones: (11) 4526-1764 - (11)94757-7492 -   CNPJ/CPF: 13.243.846/0001-02 Inscr. Est.: 407.258.016.110   transfaed@hotmail.com www.transfaed.com.br      ","""id","empresa","dados"
196,"          TRANSMAYTAM -TRANSPORTES E LOG�STICA   Rua Capit�o Alcook, 82 S�o Paulo - SP - Pq.Edu Chaves  - CEP:02234-010   Telefones: (11) 4858-2073 - (21) 3500-8489 -   CNPJ/CPF: 21.554.641/0001-68 Inscr. Est.:    comercial@transmaytam.com.br www.transmaytam.com.br      ","""id","empresa","dados"
197,"          TRANSNORTE ALOG -TRANSPORTES   Rua Bicas, 78 - Box 01 Guarulhos - SP - Cumbica  - CEP:07223-040   Telefones: (11) 2412-0788 - 2085-2097 - 2228-2043 -   CNPJ/CPF: 20.693.532/0001-69 Inscr. Est.: 796.242.104.113   neto@transnortealog.com.br www.transnortealog.com.br      ","""id","empresa","dados"
198,"          TRANSNOVAIS -MUDAN�AS E TRANSPORTES   Rua Mj. Tur�bio Moraes, 333 S�o Paulo - SP - Pq. Vit�ria  - CEP:02268-030   Telefones: (11) 3230-9494 - (73)3281-9494 - (73) 99907-9394 - 99184-9494   CNPJ/CPF: 22.922.655/0001-50 Inscr. Est.: 144.832.002.119   contatosp@transnovais.com.br www.transnovais.com.br      ","""id","empresa","dados"
199,"          TRANSOUZA -TRANSP.RODOV.LTDA.   Rua Araujo Figueiredo, 96 S�o Paulo - SP - Barra Funda  - CEP:01132-030   Telefones: (11) 3331-7404 - (19)3656-0236 -   Fax: 3331-7404 - (19)3656-0236   CNPJ/CPF: 44.765.261/0002-59 Inscr. Est.: 111.611.275.112   transportesouza@terra.com.br       ","""id","empresa","dados"
200,"          TRANSOUZA -R�PIDO   Rua Francisco Franganiello, 392 S�o Paulo - SP - P.N.Mundo  - CEP:02181-160   Telefones: (11) 2207-4707 -   CNPJ/CPF: Inscr. Est.:    cotacao@rapidotransouza.com.br www.rapidotransouza.com.br      ","""id","empresa","dados"
201,"          TRANSPAESE -TRANSPORTES LTDA.   Estr. Municipal, 205 Guarulhos - SP - Jd. Sto. Afonso  - CEP:07215-040   Telefones: (11) 2141-1515 -   Fax: 2141-1515   CNPJ/CPF: 86.933.033/0003-71 Inscr. Est.: 796.169.648.114   trpaesesp@transpaese.com.br www.transpaese.com.br      ","""id","empresa","dados"
202,"          TRANSPALLET -TR.LOG�STICA LTDA.   Av. Natalia Zarif, 550 Guarulhos - SP - Jd.S�o Geraldo  - CEP:07140-040   Telefones: (11) 2087-6020 -   Fax: 2087-6023   CNPJ/CPF: 38.856.126/0001-35 Inscr. Est.: 336.303.159.118   moacir@transpallet.com.br www.transpallet.com.br        transporta:      ","""id","empresa","dados"
203,"          TRANSPEN -CARGAS   Rua do Bosque, 838 S�o Paulo - SP - Barra Funda  - CEP:01136-000   Telefones: (11) 3392-1616 - 3392-1547 - 3392-1924 -   Fax: 3392-1616 - 3392-1547 - 3392-1924   CNPJ/CPF: 75.156.265/0004-25 Inscr. Est.: 111.089.764.114   logistica@transpen.com.br www.transpencargas.com.br      ","""id","empresa","dados"
204,"          TRANSPAULISTANA SP -LOG�STICA LTDA.   Rua Florida, 184 Guarulhos - SP - Jd.Pres.Dutra  - CEP:07171-020   Telefones: (11) 2431-2378 - 3988-3633 -   CNPJ/CPF: 20.067.270/0001-27 Inscr. Est.: 796.208.411.112   transpaulistana.sp@hotmail.com       ","""id","empresa","dados"
205,"          TRANSPAULA -TRANSPORTES      Rua Arnaldo Domingo Mota, 65 S�o Jos� dos Campos - SP - Eldorado  - CEP:12238-572   Telefones: (12) 3934-7538 - 3933-2218 -   CNPJ/CPF: 09.305.965/0001-67 Inscr. Est.: 645.521.983.112   comercial@transpaula.com.br www.transpaula.com.br      ","""id","empresa","dados"
206,"          VER�SSIMO -LOG�STICA      Rua Philip Leiner, 100 Cotia - SP - Pq. Alexandre  - CEP:06714-285   Telefones: (11) 4617-9777 -   CNPJ/CPF: 01.142.882/0001-92 Inscr. Est.: 278.179.942.117   cotacao@verissimologistica.com.br www.verissimologistica.com.br      ","""id","empresa","dados"
207,"          VHZ -TRANSPORTE E LOG�STICA   Rua Florest�polis, 87 Guarulhos - SP - Jd. S�o Luiz  - CEP:07171-030   Telefones: (11) 2279-8741 -   CNPJ/CPF: 08.457.322/0003-38 Inscr. Est.: 492.744.886.114   comercial.sao@vhztransporte.com.br www.vhztransporte.com.br      ","""id","empresa","dados"
208,"          VIA -RODOVI�RIO   Rua Santo Ant�nio, 43 s/115 Guarulhos - SP - Jd.S�o Paulo  - CEP:07110-150   Telefones: (11) 2085-0831 -   CNPJ/CPF: 17.544.889/0001-70 Inscr. Est.: 796.109.176.110   viarodoviario@viarodoviario.com.br www.viarodoviario.com.br      ","""id","empresa","dados"
209,"          VIA BRASIL -TRANSA�REO   Rua Uruguaiana, 133 Guarulhos - SP - Cumbica  - CEP:07223-230   Telefones: (11) 2085-4400 -   Fax: 2085-4400   CNPJ/CPF: 11.596.298/0001-60 Inscr. Est.: 336.923.139.112   comercial@viabrasiltransaereo.com.br www.viabrasiltransaereo.com.br        transporta:      ","""id","empresa","dados"
210,"          VIA VERDE -TRANSPORTES      Rua Bela Vista do Paraiso, 904 Guarulhos - SP - Jd. Pres. Dutra  - CEP:07171-000   Telefones: (11) 2967-3198 - 2635-1232 -   CNPJ/CPF: 14.457.031/0001-80 Inscr. Est.: 796.204.889.110   viaverdesp@viaverdetransportes.com.br www.viaverdetransportes.com.br      ","""id","empresa","dados"
211,"          VIS�O -TRANSPORTE      Rua Bras Cubas, 37 - Cj. 82 Santos - SP - Centro  - CEP:11013-161   Telefones: (13) 3113-3327 -   CNPJ/CPF: 12.240.742/0001-73 Inscr. Est.: 633.007.835.114   visao@visaotransporte.com.br www.visaotransporte.com.br        transporta:      ","""id","empresa","dados"
212,"          VIT�RIA -TRANSPORTES      Rua Serafim Poli, 299 S�o Paulo - SP - Vl. Maria  - CEP:02169-010   Telefones: (11) 2207-0117 - 2207-2216 -   CNPJ/CPF: 07.837.808/0001-77 Inscr. Est.: 336.604.308.113   vitoria.transportessp@hotmail.com       ","""id","empresa","dados"
213,"          VMA -TRANSPORTES   Rua Dr. M�rio Santa Lucia, 55 S�o Paulo - SP - Jd. Trememb�  - CEP:02351-070   Telefones: (11) 2203-1282 -   CNPJ/CPF: 18.027.561/0001-40 Inscr. Est.: 142.344.933.116   operacional1@transportesvma.com.br www.transportesvma.com.br      ","""id","empresa","dados"
214,"          VOO -TRANSPORTES   Rua Prof. Jo�o Cavaleiro Sal�m, 1076 Guarulhos - SP - Pq. das Na��es  - CEP:07243-580   Telefones: (11) 2446-4276 - 2481-6203 - 2481-4854 - (69)3451-3010 - 3210-1020 - 3422-4000   CNPJ/CPF: 05.897.963/0002-34 Inscr. Est.: 336.721.270.114   voo@vootransportes.com.br www.vootransportes.com.br      ","""id","empresa","dados"
215,"          VW -EXPRESS   Rua Alfredo M�rio Pizzoti, 447 S�o Paulo - SP - Vila Guilherme  - CEP:02060-040   Telefones: (11) 2905-0125 - 2909-0084 - 2905-0464 - (11)94890-7695   CNPJ/CPF: 13.036.286/0001-07 Inscr. Est.: 147.719.387.119   walter.carvalho@vwexpress.com.br       ","""id","empresa","dados"
216,"          ZERO GRAU -LOG�STICA TRANSP.   Rua Sara Helena Mantello, 207/227 s/2 Campinas - SP - TIC  - CEP:13069-133   Telefones: (19) 3282-3602 -   CNPJ/CPF: 04.012.744/0004-20 Inscr. Est.: 244.839.977.115   campinas@zerograunet.com.br www.zerograunet.com.br      ","""id","empresa","dados"
217,"          ZERO GRAU -LOG�STICA TRANSP.   Rua Farjala Mois�s, 365 Ribeir�o Preto - SP - Pq.C�ndido Portinari  - CEP:14093-524   Telefones: (16) 3102-9221 -   CNPJ/CPF: 04.012.744/0008-53 Inscr. Est.: 582.550.193.116   ribeiraopreto@zerograunet.com.br www.zerograunet.com.br      ","""id","empresa","dados"
218,"          ZN LOG -LOG�STICA E TRANSPORTES      Rua Jo�o Pimentel, 99 Guarulhos - SP - Bonsucesso  - CEP:07177-160   Telefones: (11) 3717-0690 - Disk Coleta: 3010-1235 -   CNPJ/CPF: 13.148.262/0001-40 Inscr. Est.: 336.553.768.114   comercial@znlog.com.br www.znlog.com.br      ","""id","empresa","dados"
219,"          ZUIANI -TRANSPORTES   Av. Maria Gebin de Moraes, 159 Guarulhos - SP - Pq. Continental II  - CEP:07084-203   Telefones: (11) 2304-0838 - 4372-6562 - 4372-6569 -   CNPJ/CPF: 08.133.236/0001-08 Inscr. Est.: 336.843.766.114   comercial@zuianitransportes.com.br www.zuianitransportes.com.br      ","""id","empresa","dados"
220,"     DIMER -TRANSPORTADORA LTDA.   Marginal Manoel Pavan, 1212 Sert�ozinho - SP - Vl. Industrial  - CEP:14177-030   Telefones: (16) 3942-5133 - 3947-1889 -   Fax: 3945-4135   CNPJ/CPF: 55.604.011/0001-72 Inscr. Est.: 664.009.078.117     ","""id","empresa","dados"
221,"     DIMER -TRANSPORTADORA LTDA.   T.C.Fern�o Dias, Q.06 B.06 S�o Paulo - SP - Vila Sabrina  - CEP:02162-030   Telefones: (11) 2713-1514 -   CNPJ/CPF: 55.604.011/0001-72 Inscr. Est.: 664.009.978.117     ","""id","empresa","dados"
222,"     ASA LESTE -TRANSPORTES E LOG�STICA   Rua Sd. Cristov�o Moraes Garcia, 160 S�o Paulo - SP - P.N.Mundo  - CEP:02187-090   Telefones: (11) 3938-0535 - 3938-5550 - 2503-2787 - 2503-4223 -    ","""id","empresa","dados"
223,"     EID -TRANSPORTES   Rua Santo Ubaldo, 42 S�o Paulo - SP - Vl. Palmeiras  - CEP:02725-050   Telefones: (11) 2507-8124 - 2507-8127 - 2503-6640 -    ","""id","empresa","dados"
224,"     EXDEX -TRANSPORTES   Av. Eng. Luiz Ant�nio Laloni, 321 - Lt. 104 Campinas - SP - Tijuco das Telhas  - CEP:13086-700   Telefones: (19) 3257-0337 - (11)4063-7512 - - (15)4062-9084 - (21)4063-7512    ","""id","empresa","dados"
225,"     EXDEX -TRANSPORTES   Av. Alexandre Colares, 1490 S�o Paulo - SP - P. Anhanguera  - CEP:05106-000   Telefones: (11) 4063-7512 - (19)3257-0337 - - (15)4062-9084 - (21)4063-7512    ","""id","empresa","dados"
226,"     FIVE -EXPRESS TRANSPORTES   Rua Helena do Sacramento, 890 S/03 S�o Paulo - SP - Vl.Guac�  - CEP:02433-020   Telefones: (11) 3455-0139 - 2385-7669 -    ","""id","empresa","dados"
227,"     NOVO PROGRESSO -TRANSPORTES   Rua S�o Quirino, 1090 S�o Paulo - SP - V. Guilherme  - CEP:02056-070   Telefones: (11) 2207-2866 - 2833-4434 -    ","""id","empresa","dados"
228,"       LOG SOLUTIONS -LOG�ST.TRANSP.   Av. Carmela Dutra, s/n� - Unidade 16 Guarulhos - SP - Jd. Pres. Dutra  - CEP:07170-150   Telefones: (11) 2279-5938 - 2279-8866 - 2279-8796 -   CNPJ/CPF: 26.503.568/0001-19 Inscr. Est.: 796.521.165.118   natalia.mauricio@lsolutions.com.br       ","""id","empresa","dados"
229,"       NOTO -TRANSPORTES RODOV.LTDA.   Rua Hip�lito Soares, 298 S�o Paulo - SP - Ipiranga  - CEP:04201-090   Telefones: (11) 2063-9030 - 2063-2053 - 2061-2192 -   Fax: 2063-9030   CNPJ/CPF: 1 Inscr. Est.:    transnoto@uol.com.br       ","""id","empresa","dados"
230,"       ODECAM -TRANSPORTES      Rua Santa Maria, 557 Guarulhos - SP - Bonsucesso  - CEP:07176-140   Telefones: (11) 4965-0999 -   CNPJ/CPF: 26.193.849/0001-12 Inscr. Est.: 796.504.720.119   contato@odecamtransportes.com.br www.odecamtransportes.com.br      ","""id","empresa","dados"
231,"       PANNAN -EXPRESSO      Av. Guinle, 1601 Guarulhos - SP - Cumbica  - CEP:07221-070   Telefones: (11) 2462-1000 -   CNPJ/CPF: 00.591.531/0002-87 Inscr. Est.: 336.851.397.114   comercial@pannantransportes.com.br www.pannantransportes.com.br      ","""id","empresa","dados"
232,"       NAPOLI -TRANSPORTES      Av. Itaberaba, 990 - s/10 S�o Paulo - SP - Freg. do �  - CEP:02734-000   Telefones: (11) 3991-0143 -    ","""id","empresa","dados"
233,"  2001 -RODOVI�RIO   Rua Mitsusi Suto, 146 Mogi das Cruzes - SP - V. Maria Z�lia  - CEP:08810-385   Telefones: (11) 4729-7080 -    ","""id","empresa","dados"
234,"  23 DE MAIO -EXPRESSO LTDA.   Rua Francisco Celso, 49 Tabo�o da Serra - SP - V. das Oliveiras  - CEP:06765-430   Telefones: (11) 4701-0205 - 4701-8681 -    ","""id","empresa","dados"
235,"  2S -TRANSPORTES   Av. Dr. Mauro Lindemberg Monteiro, 121 - G.03 - porta 01 Osasco - SP - Santa F�  - CEP:06278-010   Telefones: (11) 3659-5742 -    ","""id","empresa","dados"
236,"  3 ESTRELAS -TRANSPORTES   Rua Major Marcelino, 200 S�o Paulo - SP - Br�s  - CEP:03025-020   Telefones: (11) 2692-4355 -    ","""id","empresa","dados"
237,"  333 -TRANSPORTES LTDA.   Rua Ant�nio Mariano, 317 S�o Paulo - SP - Interlagos  - CEP:04784-000   Telefones: (11) 5660-6582 - 5522-4146 -    ","""id","empresa","dados"
238,"  90 -R�PIDO TRANSP.LTDA.   Rua Edgar dos Reis Sampaio, 320 S�o Paulo - SP - Jd. Marina  - CEP:02762-080   Telefones: (11) 3989-1827 - 3851-6688 -    ","""id","empresa","dados"
239,"  9002 -EXP.TRANSP.LTDA.   Rua Botocudos, 95 S�o Paulo - SP - Vila Anast�cio  - CEP:05093-030   Telefones: (11) 3836-1193 -    ","""id","empresa","dados"
240,"  A&C -CARGO EXPRESS   Rua Clarisse Franco Rodrigues, 234 S�o Jos� dos Campos - SP - Res. S�o Francisco  - CEP:12277-858   Telefones: (12) 3322-5133 -    ",""